Release,Date from,Date to,Top 1 contributing companies,Top 2 contributing companies,Top 3 contributing companies,Top 4 contributing companies,Top 5 contributing companies,Top 10 contributing companies,Top 15 contributing companies,Top 20 contributing companies,Top 25 contributing companies,Top 30 contributing companies,Top 50 contributing companies,Top 100 contributing companies,Top 200 contributing companies,Top 500 contributing companies,Top 1000 contributing companies
Before joining CNCF,12/17/2015,3/29/2017,Docker,"Docker,IBM","Docker,IBM,Huawei","Docker,IBM,Huawei,NTT","Docker,IBM,Huawei,NTT,Google","Docker,IBM,Huawei,NTT,Google,Red Hat,HarmonyCloud,AWS,Microsoft,Rancher","Docker,IBM,Huawei,NTT,Google,Red Hat,HarmonyCloud,AWS,Microsoft,Rancher,SUSE/Novell,Cloudflare,Tonic,Intel,DaoCloud","Docker,IBM,Huawei,NTT,Google,Red Hat,HarmonyCloud,AWS,Microsoft,Rancher,SUSE/Novell,Cloudflare,Tonic,Intel,DaoCloud,Oracle,Net EASE,Uber,Bobs Oil Field Service,DPI Animation House","Docker,IBM,Huawei,NTT,Google,Red Hat,HarmonyCloud,AWS,Microsoft,Rancher,SUSE/Novell,Cloudflare,Tonic,Intel,DaoCloud,Oracle,Net EASE,Uber,Bobs Oil Field Service,DPI Animation House,CNCF,Self,ZTE,Mirantis,Altiscale","Docker,IBM,Huawei,NTT,Google,Red Hat,HarmonyCloud,AWS,Microsoft,Rancher,SUSE/Novell,Cloudflare,Tonic,Intel,DaoCloud,Oracle,Net EASE,Uber,Bobs Oil Field Service,DPI Animation House,CNCF,Self,ZTE,Mirantis,Altiscale,Netlify,China Mobile,Virtuozzo,CurrencyFair.com,Ben Hall","Docker,IBM,Huawei,NTT,Google,Red Hat,HarmonyCloud,AWS,Microsoft,Rancher,SUSE/Novell,Cloudflare,Tonic,Intel,DaoCloud,Oracle,Net EASE,Uber,Bobs Oil Field Service,DPI Animation House,CNCF,Self,ZTE,Mirantis,Altiscale,Netlify,China Mobile,Virtuozzo,CurrencyFair.com,Ben Hall,FACEIT,Hyper.sh,AD.CO,Accenture,Buildbot,Debian,Fujitsu,Tencent,Pivotal","Docker,IBM,Huawei,NTT,Google,Red Hat,HarmonyCloud,AWS,Microsoft,Rancher,SUSE/Novell,Cloudflare,Tonic,Intel,DaoCloud,Oracle,Net EASE,Uber,Bobs Oil Field Service,DPI Animation House,CNCF,Self,ZTE,Mirantis,Altiscale,Netlify,China Mobile,Virtuozzo,CurrencyFair.com,Ben Hall,FACEIT,Hyper.sh,AD.CO,Accenture,Buildbot,Debian,Fujitsu,Tencent,Pivotal","Docker,IBM,Huawei,NTT,Google,Red Hat,HarmonyCloud,AWS,Microsoft,Rancher,SUSE/Novell,Cloudflare,Tonic,Intel,DaoCloud,Oracle,Net EASE,Uber,Bobs Oil Field Service,DPI Animation House,CNCF,Self,ZTE,Mirantis,Altiscale,Netlify,China Mobile,Virtuozzo,CurrencyFair.com,Ben Hall,FACEIT,Hyper.sh,AD.CO,Accenture,Buildbot,Debian,Fujitsu,Tencent,Pivotal","Docker,IBM,Huawei,NTT,Google,Red Hat,HarmonyCloud,AWS,Microsoft,Rancher,SUSE/Novell,Cloudflare,Tonic,Intel,DaoCloud,Oracle,Net EASE,Uber,Bobs Oil Field Service,DPI Animation House,CNCF,Self,ZTE,Mirantis,Altiscale,Netlify,China Mobile,Virtuozzo,CurrencyFair.com,Ben Hall,FACEIT,Hyper.sh,AD.CO,Accenture,Buildbot,Debian,Fujitsu,Tencent,Pivotal","Docker,IBM,Huawei,NTT,Google,Red Hat,HarmonyCloud,AWS,Microsoft,Rancher,SUSE/Novell,Cloudflare,Tonic,Intel,DaoCloud,Oracle,Net EASE,Uber,Bobs Oil Field Service,DPI Animation House,CNCF,Self,ZTE,Mirantis,Altiscale,Netlify,China Mobile,Virtuozzo,CurrencyFair.com,Ben Hall,FACEIT,Hyper.sh,AD.CO,Accenture,Buildbot,Debian,Fujitsu,Tencent,Pivotal"
Since joining CNCF,3/29/2017,4/13/2018,Docker,"Docker,IBM","Docker,IBM,Google","Docker,IBM,Google,NTT","Docker,IBM,Google,NTT,Tesla","Docker,IBM,Google,NTT,Tesla,Huawei,Cloudflare,ZTE,Microsoft,CNCF","Docker,IBM,Google,NTT,Tesla,Huawei,Cloudflare,ZTE,Microsoft,CNCF,Red Hat,DaoCloud,AWS,Intel,Fundación Sadosky","Docker,IBM,Google,NTT,Tesla,Huawei,Cloudflare,ZTE,Microsoft,CNCF,Red Hat,DaoCloud,AWS,Intel,Fundación Sadosky,DPI Animation House,darkowlzz,ARM,Letv Cloud Computing,Oracle","Docker,IBM,Google,NTT,Tesla,Huawei,Cloudflare,ZTE,Microsoft,CNCF,Red Hat,DaoCloud,AWS,Intel,Fundación Sadosky,DPI Animation House,darkowlzz,ARM,Letv Cloud Computing,Oracle,Virtuozzo,Alibaba,HarmonyCloud,Hyper.sh,InfluxData","Docker,IBM,Google,NTT,Tesla,Huawei,Cloudflare,ZTE,Microsoft,CNCF,Red Hat,DaoCloud,AWS,Intel,Fundación Sadosky,DPI Animation House,darkowlzz,ARM,Letv Cloud Computing,Oracle,Virtuozzo,Alibaba,HarmonyCloud,Hyper.sh,InfluxData,Rancher,Sleekcode,Tonic,Alter Way,Caelum","Docker,IBM,Google,NTT,Tesla,Huawei,Cloudflare,ZTE,Microsoft,CNCF,Red Hat,DaoCloud,AWS,Intel,Fundación Sadosky,DPI Animation House,darkowlzz,ARM,Letv Cloud Computing,Oracle,Virtuozzo,Alibaba,HarmonyCloud,Hyper.sh,InfluxData,Rancher,Sleekcode,Tonic,Alter Way,Caelum,China Cloud,Cisco,viralkitty,Adaptly,AnchorFree,Buildbot,CurrencyFair.com,Kinvolk,Liz Rice,Windmill Engineering,SUSE/Novell,Pivotal,LunchBadger","Docker,IBM,Google,NTT,Tesla,Huawei,Cloudflare,ZTE,Microsoft,CNCF,Red Hat,DaoCloud,AWS,Intel,Fundación Sadosky,DPI Animation House,darkowlzz,ARM,Letv Cloud Computing,Oracle,Virtuozzo,Alibaba,HarmonyCloud,Hyper.sh,InfluxData,Rancher,Sleekcode,Tonic,Alter Way,Caelum,China Cloud,Cisco,viralkitty,Adaptly,AnchorFree,Buildbot,CurrencyFair.com,Kinvolk,Liz Rice,Windmill Engineering,SUSE/Novell,Pivotal,LunchBadger","Docker,IBM,Google,NTT,Tesla,Huawei,Cloudflare,ZTE,Microsoft,CNCF,Red Hat,DaoCloud,AWS,Intel,Fundación Sadosky,DPI Animation House,darkowlzz,ARM,Letv Cloud Computing,Oracle,Virtuozzo,Alibaba,HarmonyCloud,Hyper.sh,InfluxData,Rancher,Sleekcode,Tonic,Alter Way,Caelum,China Cloud,Cisco,viralkitty,Adaptly,AnchorFree,Buildbot,CurrencyFair.com,Kinvolk,Liz Rice,Windmill Engineering,SUSE/Novell,Pivotal,LunchBadger","Docker,IBM,Google,NTT,Tesla,Huawei,Cloudflare,ZTE,Microsoft,CNCF,Red Hat,DaoCloud,AWS,Intel,Fundación Sadosky,DPI Animation House,darkowlzz,ARM,Letv Cloud Computing,Oracle,Virtuozzo,Alibaba,HarmonyCloud,Hyper.sh,InfluxData,Rancher,Sleekcode,Tonic,Alter Way,Caelum,China Cloud,Cisco,viralkitty,Adaptly,AnchorFree,Buildbot,CurrencyFair.com,Kinvolk,Liz Rice,Windmill Engineering,SUSE/Novell,Pivotal,LunchBadger","Docker,IBM,Google,NTT,Tesla,Huawei,Cloudflare,ZTE,Microsoft,CNCF,Red Hat,DaoCloud,AWS,Intel,Fundación Sadosky,DPI Animation House,darkowlzz,ARM,Letv Cloud Computing,Oracle,Virtuozzo,Alibaba,HarmonyCloud,Hyper.sh,InfluxData,Rancher,Sleekcode,Tonic,Alter Way,Caelum,China Cloud,Cisco,viralkitty,Adaptly,AnchorFree,Buildbot,CurrencyFair.com,Kinvolk,Liz Rice,Windmill Engineering,SUSE/Novell,Pivotal,LunchBadger"
start - v0.0.5,12/17/2015,2/12/2016,Docker,"Docker,Google","Docker,Google,Uber","Docker,Google,Uber,Red Hat","Docker,Google,Uber,Red Hat,DPI Animation House","Docker,Google,Uber,Red Hat,DPI Animation House,NTT,Ben Hall,Altiscale,IBM,CNCF","Docker,Google,Uber,Red Hat,DPI Animation House,NTT,Ben Hall,Altiscale,IBM,CNCF,Huawei,Microsoft,Netlify","Docker,Google,Uber,Red Hat,DPI Animation House,NTT,Ben Hall,Altiscale,IBM,CNCF,Huawei,Microsoft,Netlify","Docker,Google,Uber,Red Hat,DPI Animation House,NTT,Ben Hall,Altiscale,IBM,CNCF,Huawei,Microsoft,Netlify","Docker,Google,Uber,Red Hat,DPI Animation House,NTT,Ben Hall,Altiscale,IBM,CNCF,Huawei,Microsoft,Netlify","Docker,Google,Uber,Red Hat,DPI Animation House,NTT,Ben Hall,Altiscale,IBM,CNCF,Huawei,Microsoft,Netlify","Docker,Google,Uber,Red Hat,DPI Animation House,NTT,Ben Hall,Altiscale,IBM,CNCF,Huawei,Microsoft,Netlify","Docker,Google,Uber,Red Hat,DPI Animation House,NTT,Ben Hall,Altiscale,IBM,CNCF,Huawei,Microsoft,Netlify","Docker,Google,Uber,Red Hat,DPI Animation House,NTT,Ben Hall,Altiscale,IBM,CNCF,Huawei,Microsoft,Netlify","Docker,Google,Uber,Red Hat,DPI Animation House,NTT,Ben Hall,Altiscale,IBM,CNCF,Huawei,Microsoft,Netlify"
v0.0.5 - v0.1.0,2/12/2016,3/21/2016,Docker,"Docker,Google","Docker,Google,Microsoft","Docker,Google,Microsoft,Huawei","Docker,Google,Microsoft,Huawei,SUSE/Novell","Docker,Google,Microsoft,Huawei,SUSE/Novell","Docker,Google,Microsoft,Huawei,SUSE/Novell","Docker,Google,Microsoft,Huawei,SUSE/Novell","Docker,Google,Microsoft,Huawei,SUSE/Novell","Docker,Google,Microsoft,Huawei,SUSE/Novell","Docker,Google,Microsoft,Huawei,SUSE/Novell","Docker,Google,Microsoft,Huawei,SUSE/Novell","Docker,Google,Microsoft,Huawei,SUSE/Novell","Docker,Google,Microsoft,Huawei,SUSE/Novell","Docker,Google,Microsoft,Huawei,SUSE/Novell"
v0.1.0 - v0.2.0,3/21/2016,4/14/2016,Docker,"Docker,Huawei","Docker,Huawei,SUSE/Novell","Docker,Huawei,SUSE/Novell,IBM","Docker,Huawei,SUSE/Novell,IBM,Tencent","Docker,Huawei,SUSE/Novell,IBM,Tencent,Netlify,Debian","Docker,Huawei,SUSE/Novell,IBM,Tencent,Netlify,Debian","Docker,Huawei,SUSE/Novell,IBM,Tencent,Netlify,Debian","Docker,Huawei,SUSE/Novell,IBM,Tencent,Netlify,Debian","Docker,Huawei,SUSE/Novell,IBM,Tencent,Netlify,Debian","Docker,Huawei,SUSE/Novell,IBM,Tencent,Netlify,Debian","Docker,Huawei,SUSE/Novell,IBM,Tencent,Netlify,Debian","Docker,Huawei,SUSE/Novell,IBM,Tencent,Netlify,Debian","Docker,Huawei,SUSE/Novell,IBM,Tencent,Netlify,Debian","Docker,Huawei,SUSE/Novell,IBM,Tencent,Netlify,Debian"
v0.2.0 - v0.2.9,4/14/2016,5/30/2017,Docker,"Docker,IBM","Docker,IBM,NTT","Docker,IBM,NTT,Huawei","Docker,IBM,NTT,Huawei,Red Hat","Docker,IBM,NTT,Huawei,Red Hat,Cloudflare,Google,ZTE,CNCF,AWS","Docker,IBM,NTT,Huawei,Red Hat,Cloudflare,Google,ZTE,CNCF,AWS,HarmonyCloud,Rancher,Tonic,Microsoft,Intel","Docker,IBM,NTT,Huawei,Red Hat,Cloudflare,Google,ZTE,CNCF,AWS,HarmonyCloud,Rancher,Tonic,Microsoft,Intel,DaoCloud,Bobs Oil Field Service,Net EASE,Oracle,Self","Docker,IBM,NTT,Huawei,Red Hat,Cloudflare,Google,ZTE,CNCF,AWS,HarmonyCloud,Rancher,Tonic,Microsoft,Intel,DaoCloud,Bobs Oil Field Service,Net EASE,Oracle,Self,Alibaba,Mirantis,CurrencyFair.com,FACEIT,Caelum","Docker,IBM,NTT,Huawei,Red Hat,Cloudflare,Google,ZTE,CNCF,AWS,HarmonyCloud,Rancher,Tonic,Microsoft,Intel,DaoCloud,Bobs Oil Field Service,Net EASE,Oracle,Self,Alibaba,Mirantis,CurrencyFair.com,FACEIT,Caelum,China Mobile,China Cloud,SUSE/Novell,Virtuozzo,Hyper.sh","Docker,IBM,NTT,Huawei,Red Hat,Cloudflare,Google,ZTE,CNCF,AWS,HarmonyCloud,Rancher,Tonic,Microsoft,Intel,DaoCloud,Bobs Oil Field Service,Net EASE,Oracle,Self,Alibaba,Mirantis,CurrencyFair.com,FACEIT,Caelum,China Mobile,China Cloud,SUSE/Novell,Virtuozzo,Hyper.sh,Kinvolk,Buildbot,darkowlzz,DPI Animation House,Alter Way,AD.CO,Accenture,Fujitsu,Pivotal,Windmill Engineering,LunchBadger,Liz Rice","Docker,IBM,NTT,Huawei,Red Hat,Cloudflare,Google,ZTE,CNCF,AWS,HarmonyCloud,Rancher,Tonic,Microsoft,Intel,DaoCloud,Bobs Oil Field Service,Net EASE,Oracle,Self,Alibaba,Mirantis,CurrencyFair.com,FACEIT,Caelum,China Mobile,China Cloud,SUSE/Novell,Virtuozzo,Hyper.sh,Kinvolk,Buildbot,darkowlzz,DPI Animation House,Alter Way,AD.CO,Accenture,Fujitsu,Pivotal,Windmill Engineering,LunchBadger,Liz Rice","Docker,IBM,NTT,Huawei,Red Hat,Cloudflare,Google,ZTE,CNCF,AWS,HarmonyCloud,Rancher,Tonic,Microsoft,Intel,DaoCloud,Bobs Oil Field Service,Net EASE,Oracle,Self,Alibaba,Mirantis,CurrencyFair.com,FACEIT,Caelum,China Mobile,China Cloud,SUSE/Novell,Virtuozzo,Hyper.sh,Kinvolk,Buildbot,darkowlzz,DPI Animation House,Alter Way,AD.CO,Accenture,Fujitsu,Pivotal,Windmill Engineering,LunchBadger,Liz Rice","Docker,IBM,NTT,Huawei,Red Hat,Cloudflare,Google,ZTE,CNCF,AWS,HarmonyCloud,Rancher,Tonic,Microsoft,Intel,DaoCloud,Bobs Oil Field Service,Net EASE,Oracle,Self,Alibaba,Mirantis,CurrencyFair.com,FACEIT,Caelum,China Mobile,China Cloud,SUSE/Novell,Virtuozzo,Hyper.sh,Kinvolk,Buildbot,darkowlzz,DPI Animation House,Alter Way,AD.CO,Accenture,Fujitsu,Pivotal,Windmill Engineering,LunchBadger,Liz Rice","Docker,IBM,NTT,Huawei,Red Hat,Cloudflare,Google,ZTE,CNCF,AWS,HarmonyCloud,Rancher,Tonic,Microsoft,Intel,DaoCloud,Bobs Oil Field Service,Net EASE,Oracle,Self,Alibaba,Mirantis,CurrencyFair.com,FACEIT,Caelum,China Mobile,China Cloud,SUSE/Novell,Virtuozzo,Hyper.sh,Kinvolk,Buildbot,darkowlzz,DPI Animation House,Alter Way,AD.CO,Accenture,Fujitsu,Pivotal,Windmill Engineering,LunchBadger,Liz Rice"
v0.2.9 - v1.0.0-alpha0,5/30/2017,7/13/2017,Docker,"Docker,IBM","Docker,IBM,Huawei","Docker,IBM,Huawei,NTT","Docker,IBM,Huawei,NTT,Cloudflare","Docker,IBM,Huawei,NTT,Cloudflare,Google,AWS,Red Hat,darkowlzz,ZTE","Docker,IBM,Huawei,NTT,Cloudflare,Google,AWS,Red Hat,darkowlzz,ZTE,CNCF,Intel,Microsoft,viralkitty","Docker,IBM,Huawei,NTT,Cloudflare,Google,AWS,Red Hat,darkowlzz,ZTE,CNCF,Intel,Microsoft,viralkitty","Docker,IBM,Huawei,NTT,Cloudflare,Google,AWS,Red Hat,darkowlzz,ZTE,CNCF,Intel,Microsoft,viralkitty","Docker,IBM,Huawei,NTT,Cloudflare,Google,AWS,Red Hat,darkowlzz,ZTE,CNCF,Intel,Microsoft,viralkitty","Docker,IBM,Huawei,NTT,Cloudflare,Google,AWS,Red Hat,darkowlzz,ZTE,CNCF,Intel,Microsoft,viralkitty","Docker,IBM,Huawei,NTT,Cloudflare,Google,AWS,Red Hat,darkowlzz,ZTE,CNCF,Intel,Microsoft,viralkitty","Docker,IBM,Huawei,NTT,Cloudflare,Google,AWS,Red Hat,darkowlzz,ZTE,CNCF,Intel,Microsoft,viralkitty","Docker,IBM,Huawei,NTT,Cloudflare,Google,AWS,Red Hat,darkowlzz,ZTE,CNCF,Intel,Microsoft,viralkitty","Docker,IBM,Huawei,NTT,Cloudflare,Google,AWS,Red Hat,darkowlzz,ZTE,CNCF,Intel,Microsoft,viralkitty"
v1.0.0-alpha0 - v1.0.0-alpha6,7/13/2017,8/23/2017,Docker,"Docker,IBM","Docker,IBM,NTT","Docker,IBM,NTT,Google","Docker,IBM,NTT,Google,Huawei","Docker,IBM,NTT,Google,Huawei,Microsoft,Oracle,Cloudflare,ZTE,HarmonyCloud","Docker,IBM,NTT,Google,Huawei,Microsoft,Oracle,Cloudflare,ZTE,HarmonyCloud,CNCF,ARM,Adaptly,AWS,darkowlzz","Docker,IBM,NTT,Google,Huawei,Microsoft,Oracle,Cloudflare,ZTE,HarmonyCloud,CNCF,ARM,Adaptly,AWS,darkowlzz","Docker,IBM,NTT,Google,Huawei,Microsoft,Oracle,Cloudflare,ZTE,HarmonyCloud,CNCF,ARM,Adaptly,AWS,darkowlzz","Docker,IBM,NTT,Google,Huawei,Microsoft,Oracle,Cloudflare,ZTE,HarmonyCloud,CNCF,ARM,Adaptly,AWS,darkowlzz","Docker,IBM,NTT,Google,Huawei,Microsoft,Oracle,Cloudflare,ZTE,HarmonyCloud,CNCF,ARM,Adaptly,AWS,darkowlzz","Docker,IBM,NTT,Google,Huawei,Microsoft,Oracle,Cloudflare,ZTE,HarmonyCloud,CNCF,ARM,Adaptly,AWS,darkowlzz","Docker,IBM,NTT,Google,Huawei,Microsoft,Oracle,Cloudflare,ZTE,HarmonyCloud,CNCF,ARM,Adaptly,AWS,darkowlzz","Docker,IBM,NTT,Google,Huawei,Microsoft,Oracle,Cloudflare,ZTE,HarmonyCloud,CNCF,ARM,Adaptly,AWS,darkowlzz","Docker,IBM,NTT,Google,Huawei,Microsoft,Oracle,Cloudflare,ZTE,HarmonyCloud,CNCF,ARM,Adaptly,AWS,darkowlzz"
v1.0.0-alpha6 - v1.0.0-beta.0,8/23/2017,9/6/2017,Docker,"Docker,IBM","Docker,IBM,Google","Docker,IBM,Google,NTT","Docker,IBM,Google,NTT,Microsoft","Docker,IBM,Google,NTT,Microsoft,AnchorFree,Red Hat","Docker,IBM,Google,NTT,Microsoft,AnchorFree,Red Hat","Docker,IBM,Google,NTT,Microsoft,AnchorFree,Red Hat","Docker,IBM,Google,NTT,Microsoft,AnchorFree,Red Hat","Docker,IBM,Google,NTT,Microsoft,AnchorFree,Red Hat","Docker,IBM,Google,NTT,Microsoft,AnchorFree,Red Hat","Docker,IBM,Google,NTT,Microsoft,AnchorFree,Red Hat","Docker,IBM,Google,NTT,Microsoft,AnchorFree,Red Hat","Docker,IBM,Google,NTT,Microsoft,AnchorFree,Red Hat","Docker,IBM,Google,NTT,Microsoft,AnchorFree,Red Hat"
v1.0.0-beta.0 - v1.0.0-beta.3,9/6/2017,11/8/2017,Docker,"Docker,IBM","Docker,IBM,NTT","Docker,IBM,NTT,Tesla","Docker,IBM,NTT,Tesla,Google","Docker,IBM,NTT,Tesla,Google,DaoCloud,Cloudflare,ZTE,Huawei,Microsoft","Docker,IBM,NTT,Tesla,Google,DaoCloud,Cloudflare,ZTE,Huawei,Microsoft,ARM,Cisco,CNCF,Letv Cloud Computing,Red Hat","Docker,IBM,NTT,Tesla,Google,DaoCloud,Cloudflare,ZTE,Huawei,Microsoft,ARM,Cisco,CNCF,Letv Cloud Computing,Red Hat,Alter Way,SUSE/Novell,Buildbot,DPI Animation House","Docker,IBM,NTT,Tesla,Google,DaoCloud,Cloudflare,ZTE,Huawei,Microsoft,ARM,Cisco,CNCF,Letv Cloud Computing,Red Hat,Alter Way,SUSE/Novell,Buildbot,DPI Animation House","Docker,IBM,NTT,Tesla,Google,DaoCloud,Cloudflare,ZTE,Huawei,Microsoft,ARM,Cisco,CNCF,Letv Cloud Computing,Red Hat,Alter Way,SUSE/Novell,Buildbot,DPI Animation House","Docker,IBM,NTT,Tesla,Google,DaoCloud,Cloudflare,ZTE,Huawei,Microsoft,ARM,Cisco,CNCF,Letv Cloud Computing,Red Hat,Alter Way,SUSE/Novell,Buildbot,DPI Animation House","Docker,IBM,NTT,Tesla,Google,DaoCloud,Cloudflare,ZTE,Huawei,Microsoft,ARM,Cisco,CNCF,Letv Cloud Computing,Red Hat,Alter Way,SUSE/Novell,Buildbot,DPI Animation House","Docker,IBM,NTT,Tesla,Google,DaoCloud,Cloudflare,ZTE,Huawei,Microsoft,ARM,Cisco,CNCF,Letv Cloud Computing,Red Hat,Alter Way,SUSE/Novell,Buildbot,DPI Animation House","Docker,IBM,NTT,Tesla,Google,DaoCloud,Cloudflare,ZTE,Huawei,Microsoft,ARM,Cisco,CNCF,Letv Cloud Computing,Red Hat,Alter Way,SUSE/Novell,Buildbot,DPI Animation House","Docker,IBM,NTT,Tesla,Google,DaoCloud,Cloudflare,ZTE,Huawei,Microsoft,ARM,Cisco,CNCF,Letv Cloud Computing,Red Hat,Alter Way,SUSE/Novell,Buildbot,DPI Animation House"
v1.0.0-beta.3 - v1.0.0,11/8/2017,12/5/2017,Docker,"Docker,IBM","Docker,IBM,NTT","Docker,IBM,NTT,Tesla","Docker,IBM,NTT,Tesla,Google","Docker,IBM,NTT,Tesla,Google,ZTE,Cloudflare,Virtuozzo,Microsoft,Letv Cloud Computing","Docker,IBM,NTT,Tesla,Google,ZTE,Cloudflare,Virtuozzo,Microsoft,Letv Cloud Computing,InfluxData","Docker,IBM,NTT,Tesla,Google,ZTE,Cloudflare,Virtuozzo,Microsoft,Letv Cloud Computing,InfluxData","Docker,IBM,NTT,Tesla,Google,ZTE,Cloudflare,Virtuozzo,Microsoft,Letv Cloud Computing,InfluxData","Docker,IBM,NTT,Tesla,Google,ZTE,Cloudflare,Virtuozzo,Microsoft,Letv Cloud Computing,InfluxData","Docker,IBM,NTT,Tesla,Google,ZTE,Cloudflare,Virtuozzo,Microsoft,Letv Cloud Computing,InfluxData","Docker,IBM,NTT,Tesla,Google,ZTE,Cloudflare,Virtuozzo,Microsoft,Letv Cloud Computing,InfluxData","Docker,IBM,NTT,Tesla,Google,ZTE,Cloudflare,Virtuozzo,Microsoft,Letv Cloud Computing,InfluxData","Docker,IBM,NTT,Tesla,Google,ZTE,Cloudflare,Virtuozzo,Microsoft,Letv Cloud Computing,InfluxData","Docker,IBM,NTT,Tesla,Google,ZTE,Cloudflare,Virtuozzo,Microsoft,Letv Cloud Computing,InfluxData"
v1.0.0 - v1.0.1,12/5/2017,1/17/2018,Docker,"Docker,IBM","Docker,IBM,Google","Docker,IBM,Google,Tesla","Docker,IBM,Google,Tesla,NTT","Docker,IBM,Google,Tesla,NTT,Microsoft,Fundación Sadosky,CNCF,DPI Animation House,ZTE","Docker,IBM,Google,Tesla,NTT,Microsoft,Fundación Sadosky,CNCF,DPI Animation House,ZTE,DaoCloud,Virtuozzo,Cloudflare,Hyper.sh,Huawei","Docker,IBM,Google,Tesla,NTT,Microsoft,Fundación Sadosky,CNCF,DPI Animation House,ZTE,DaoCloud,Virtuozzo,Cloudflare,Hyper.sh,Huawei,Letv Cloud Computing,Intel,Sleekcode","Docker,IBM,Google,Tesla,NTT,Microsoft,Fundación Sadosky,CNCF,DPI Animation House,ZTE,DaoCloud,Virtuozzo,Cloudflare,Hyper.sh,Huawei,Letv Cloud Computing,Intel,Sleekcode","Docker,IBM,Google,Tesla,NTT,Microsoft,Fundación Sadosky,CNCF,DPI Animation House,ZTE,DaoCloud,Virtuozzo,Cloudflare,Hyper.sh,Huawei,Letv Cloud Computing,Intel,Sleekcode","Docker,IBM,Google,Tesla,NTT,Microsoft,Fundación Sadosky,CNCF,DPI Animation House,ZTE,DaoCloud,Virtuozzo,Cloudflare,Hyper.sh,Huawei,Letv Cloud Computing,Intel,Sleekcode","Docker,IBM,Google,Tesla,NTT,Microsoft,Fundación Sadosky,CNCF,DPI Animation House,ZTE,DaoCloud,Virtuozzo,Cloudflare,Hyper.sh,Huawei,Letv Cloud Computing,Intel,Sleekcode","Docker,IBM,Google,Tesla,NTT,Microsoft,Fundación Sadosky,CNCF,DPI Animation House,ZTE,DaoCloud,Virtuozzo,Cloudflare,Hyper.sh,Huawei,Letv Cloud Computing,Intel,Sleekcode","Docker,IBM,Google,Tesla,NTT,Microsoft,Fundación Sadosky,CNCF,DPI Animation House,ZTE,DaoCloud,Virtuozzo,Cloudflare,Hyper.sh,Huawei,Letv Cloud Computing,Intel,Sleekcode","Docker,IBM,Google,Tesla,NTT,Microsoft,Fundación Sadosky,CNCF,DPI Animation House,ZTE,DaoCloud,Virtuozzo,Cloudflare,Hyper.sh,Huawei,Letv Cloud Computing,Intel,Sleekcode"
v1.0.1 - v1.0.2,1/17/2018,2/13/2018,Docker,"Docker,Google","Docker,Google,IBM","Docker,Google,IBM,Tesla","Docker,Google,IBM,Tesla,NTT","Docker,Google,IBM,Tesla,NTT,ZTE,Microsoft,CNCF,ARM,Pivotal","Docker,Google,IBM,Tesla,NTT,ZTE,Microsoft,CNCF,ARM,Pivotal,Intel","Docker,Google,IBM,Tesla,NTT,ZTE,Microsoft,CNCF,ARM,Pivotal,Intel","Docker,Google,IBM,Tesla,NTT,ZTE,Microsoft,CNCF,ARM,Pivotal,Intel","Docker,Google,IBM,Tesla,NTT,ZTE,Microsoft,CNCF,ARM,Pivotal,Intel","Docker,Google,IBM,Tesla,NTT,ZTE,Microsoft,CNCF,ARM,Pivotal,Intel","Docker,Google,IBM,Tesla,NTT,ZTE,Microsoft,CNCF,ARM,Pivotal,Intel","Docker,Google,IBM,Tesla,NTT,ZTE,Microsoft,CNCF,ARM,Pivotal,Intel","Docker,Google,IBM,Tesla,NTT,ZTE,Microsoft,CNCF,ARM,Pivotal,Intel","Docker,Google,IBM,Tesla,NTT,ZTE,Microsoft,CNCF,ARM,Pivotal,Intel"
v1.0.2 - v1.0.3,2/13/2018,4/2/2018,Google,"Google,Docker","Google,Docker,IBM","Google,Docker,IBM,NTT","Google,Docker,IBM,NTT,Tesla","Google,Docker,IBM,NTT,Tesla,Cloudflare,ZTE,Intel,DaoCloud,Microsoft","Google,Docker,IBM,NTT,Tesla,Cloudflare,ZTE,Intel,DaoCloud,Microsoft,Sleekcode,AWS","Google,Docker,IBM,NTT,Tesla,Cloudflare,ZTE,Intel,DaoCloud,Microsoft,Sleekcode,AWS","Google,Docker,IBM,NTT,Tesla,Cloudflare,ZTE,Intel,DaoCloud,Microsoft,Sleekcode,AWS","Google,Docker,IBM,NTT,Tesla,Cloudflare,ZTE,Intel,DaoCloud,Microsoft,Sleekcode,AWS","Google,Docker,IBM,NTT,Tesla,Cloudflare,ZTE,Intel,DaoCloud,Microsoft,Sleekcode,AWS","Google,Docker,IBM,NTT,Tesla,Cloudflare,ZTE,Intel,DaoCloud,Microsoft,Sleekcode,AWS","Google,Docker,IBM,NTT,Tesla,Cloudflare,ZTE,Intel,DaoCloud,Microsoft,Sleekcode,AWS","Google,Docker,IBM,NTT,Tesla,Cloudflare,ZTE,Intel,DaoCloud,Microsoft,Sleekcode,AWS","Google,Docker,IBM,NTT,Tesla,Cloudflare,ZTE,Intel,DaoCloud,Microsoft,Sleekcode,AWS"
v1.0.3 - v1.1.0-rc.1,4/2/2018,4/5/2018,Google,"Google,Docker","Google,Docker,IBM","Google,Docker,IBM,Tesla","Google,Docker,IBM,Tesla,Hyper.sh","Google,Docker,IBM,Tesla,Hyper.sh","Google,Docker,IBM,Tesla,Hyper.sh","Google,Docker,IBM,Tesla,Hyper.sh","Google,Docker,IBM,Tesla,Hyper.sh","Google,Docker,IBM,Tesla,Hyper.sh","Google,Docker,IBM,Tesla,Hyper.sh","Google,Docker,IBM,Tesla,Hyper.sh","Google,Docker,IBM,Tesla,Hyper.sh","Google,Docker,IBM,Tesla,Hyper.sh","Google,Docker,IBM,Tesla,Hyper.sh"
v1.1.0.rc.1 - now,4/5/2018,4/13/2018,Google,"Google,Docker","Google,Docker,NTT","Google,Docker,NTT,IBM","Google,Docker,NTT,IBM,Rancher","Google,Docker,NTT,IBM,Rancher,Microsoft","Google,Docker,NTT,IBM,Rancher,Microsoft","Google,Docker,NTT,IBM,Rancher,Microsoft","Google,Docker,NTT,IBM,Rancher,Microsoft","Google,Docker,NTT,IBM,Rancher,Microsoft","Google,Docker,NTT,IBM,Rancher,Microsoft","Google,Docker,NTT,IBM,Rancher,Microsoft","Google,Docker,NTT,IBM,Rancher,Microsoft","Google,Docker,NTT,IBM,Rancher,Microsoft","Google,Docker,NTT,IBM,Rancher,Microsoft"
12/2015,12/1/2015,1/1/2016,Docker,"Docker,Red Hat","Docker,Red Hat,Uber","Docker,Red Hat,Uber,DPI Animation House","Docker,Red Hat,Uber,DPI Animation House,NTT","Docker,Red Hat,Uber,DPI Animation House,NTT,Ben Hall,CNCF,Microsoft","Docker,Red Hat,Uber,DPI Animation House,NTT,Ben Hall,CNCF,Microsoft","Docker,Red Hat,Uber,DPI Animation House,NTT,Ben Hall,CNCF,Microsoft","Docker,Red Hat,Uber,DPI Animation House,NTT,Ben Hall,CNCF,Microsoft","Docker,Red Hat,Uber,DPI Animation House,NTT,Ben Hall,CNCF,Microsoft","Docker,Red Hat,Uber,DPI Animation House,NTT,Ben Hall,CNCF,Microsoft","Docker,Red Hat,Uber,DPI Animation House,NTT,Ben Hall,CNCF,Microsoft","Docker,Red Hat,Uber,DPI Animation House,NTT,Ben Hall,CNCF,Microsoft","Docker,Red Hat,Uber,DPI Animation House,NTT,Ben Hall,CNCF,Microsoft","Docker,Red Hat,Uber,DPI Animation House,NTT,Ben Hall,CNCF,Microsoft"
01/2016,1/1/2016,2/1/2016,Docker,"Docker,Google","Docker,Google,Altiscale","Docker,Google,Altiscale,IBM","Docker,Google,Altiscale,IBM,Netlify","Docker,Google,Altiscale,IBM,Netlify,Huawei","Docker,Google,Altiscale,IBM,Netlify,Huawei","Docker,Google,Altiscale,IBM,Netlify,Huawei","Docker,Google,Altiscale,IBM,Netlify,Huawei","Docker,Google,Altiscale,IBM,Netlify,Huawei","Docker,Google,Altiscale,IBM,Netlify,Huawei","Docker,Google,Altiscale,IBM,Netlify,Huawei","Docker,Google,Altiscale,IBM,Netlify,Huawei","Docker,Google,Altiscale,IBM,Netlify,Huawei","Docker,Google,Altiscale,IBM,Netlify,Huawei"
02/2016,2/1/2016,3/1/2016,Docker,"Docker,Google","Docker,Google,Microsoft","Docker,Google,Microsoft,Huawei","Docker,Google,Microsoft,Huawei","Docker,Google,Microsoft,Huawei","Docker,Google,Microsoft,Huawei","Docker,Google,Microsoft,Huawei","Docker,Google,Microsoft,Huawei","Docker,Google,Microsoft,Huawei","Docker,Google,Microsoft,Huawei","Docker,Google,Microsoft,Huawei","Docker,Google,Microsoft,Huawei","Docker,Google,Microsoft,Huawei","Docker,Google,Microsoft,Huawei"
03/2016,3/1/2016,4/1/2016,Docker,"Docker,SUSE/Novell","Docker,SUSE/Novell,Huawei","Docker,SUSE/Novell,Huawei,Tencent","Docker,SUSE/Novell,Huawei,Tencent,Debian","Docker,SUSE/Novell,Huawei,Tencent,Debian,Netlify","Docker,SUSE/Novell,Huawei,Tencent,Debian,Netlify","Docker,SUSE/Novell,Huawei,Tencent,Debian,Netlify","Docker,SUSE/Novell,Huawei,Tencent,Debian,Netlify","Docker,SUSE/Novell,Huawei,Tencent,Debian,Netlify","Docker,SUSE/Novell,Huawei,Tencent,Debian,Netlify","Docker,SUSE/Novell,Huawei,Tencent,Debian,Netlify","Docker,SUSE/Novell,Huawei,Tencent,Debian,Netlify","Docker,SUSE/Novell,Huawei,Tencent,Debian,Netlify","Docker,SUSE/Novell,Huawei,Tencent,Debian,Netlify"
04/2016,4/1/2016,5/1/2016,Docker,"Docker,Huawei","Docker,Huawei,Rancher","Docker,Huawei,Rancher,China Mobile","Docker,Huawei,Rancher,China Mobile,Tonic","Docker,Huawei,Rancher,China Mobile,Tonic,SUSE/Novell,IBM,Hyper.sh,Red Hat,Oracle","Docker,Huawei,Rancher,China Mobile,Tonic,SUSE/Novell,IBM,Hyper.sh,Red Hat,Oracle","Docker,Huawei,Rancher,China Mobile,Tonic,SUSE/Novell,IBM,Hyper.sh,Red Hat,Oracle","Docker,Huawei,Rancher,China Mobile,Tonic,SUSE/Novell,IBM,Hyper.sh,Red Hat,Oracle","Docker,Huawei,Rancher,China Mobile,Tonic,SUSE/Novell,IBM,Hyper.sh,Red Hat,Oracle","Docker,Huawei,Rancher,China Mobile,Tonic,SUSE/Novell,IBM,Hyper.sh,Red Hat,Oracle","Docker,Huawei,Rancher,China Mobile,Tonic,SUSE/Novell,IBM,Hyper.sh,Red Hat,Oracle","Docker,Huawei,Rancher,China Mobile,Tonic,SUSE/Novell,IBM,Hyper.sh,Red Hat,Oracle","Docker,Huawei,Rancher,China Mobile,Tonic,SUSE/Novell,IBM,Hyper.sh,Red Hat,Oracle","Docker,Huawei,Rancher,China Mobile,Tonic,SUSE/Novell,IBM,Hyper.sh,Red Hat,Oracle"
05/2016,5/1/2016,6/1/2016,Docker,"Docker,FACEIT","Docker,FACEIT,Tonic","Docker,FACEIT,Tonic,DPI Animation House","Docker,FACEIT,Tonic,DPI Animation House,Rancher","Docker,FACEIT,Tonic,DPI Animation House,Rancher,Oracle,IBM,Huawei","Docker,FACEIT,Tonic,DPI Animation House,Rancher,Oracle,IBM,Huawei","Docker,FACEIT,Tonic,DPI Animation House,Rancher,Oracle,IBM,Huawei","Docker,FACEIT,Tonic,DPI Animation House,Rancher,Oracle,IBM,Huawei","Docker,FACEIT,Tonic,DPI Animation House,Rancher,Oracle,IBM,Huawei","Docker,FACEIT,Tonic,DPI Animation House,Rancher,Oracle,IBM,Huawei","Docker,FACEIT,Tonic,DPI Animation House,Rancher,Oracle,IBM,Huawei","Docker,FACEIT,Tonic,DPI Animation House,Rancher,Oracle,IBM,Huawei","Docker,FACEIT,Tonic,DPI Animation House,Rancher,Oracle,IBM,Huawei","Docker,FACEIT,Tonic,DPI Animation House,Rancher,Oracle,IBM,Huawei"
06/2016,6/1/2016,7/1/2016,Docker,"Docker,Intel","Docker,Intel,Net EASE","Docker,Intel,Net EASE,Virtuozzo","Docker,Intel,Net EASE,Virtuozzo,Tonic","Docker,Intel,Net EASE,Virtuozzo,Tonic,Google,Oracle","Docker,Intel,Net EASE,Virtuozzo,Tonic,Google,Oracle","Docker,Intel,Net EASE,Virtuozzo,Tonic,Google,Oracle","Docker,Intel,Net EASE,Virtuozzo,Tonic,Google,Oracle","Docker,Intel,Net EASE,Virtuozzo,Tonic,Google,Oracle","Docker,Intel,Net EASE,Virtuozzo,Tonic,Google,Oracle","Docker,Intel,Net EASE,Virtuozzo,Tonic,Google,Oracle","Docker,Intel,Net EASE,Virtuozzo,Tonic,Google,Oracle","Docker,Intel,Net EASE,Virtuozzo,Tonic,Google,Oracle","Docker,Intel,Net EASE,Virtuozzo,Tonic,Google,Oracle"
07/2016,7/1/2016,8/1/2016,Docker,"Docker,Huawei","Docker,Huawei,Red Hat","Docker,Huawei,Red Hat,Net EASE","Docker,Huawei,Red Hat,Net EASE,Tonic","Docker,Huawei,Red Hat,Net EASE,Tonic","Docker,Huawei,Red Hat,Net EASE,Tonic","Docker,Huawei,Red Hat,Net EASE,Tonic","Docker,Huawei,Red Hat,Net EASE,Tonic","Docker,Huawei,Red Hat,Net EASE,Tonic","Docker,Huawei,Red Hat,Net EASE,Tonic","Docker,Huawei,Red Hat,Net EASE,Tonic","Docker,Huawei,Red Hat,Net EASE,Tonic","Docker,Huawei,Red Hat,Net EASE,Tonic","Docker,Huawei,Red Hat,Net EASE,Tonic"
08/2016,8/1/2016,9/1/2016,Docker,"Docker,Huawei","Docker,Huawei,Intel","Docker,Huawei,Intel,Rancher","Docker,Huawei,Intel,Rancher,IBM","Docker,Huawei,Intel,Rancher,IBM,Tonic","Docker,Huawei,Intel,Rancher,IBM,Tonic","Docker,Huawei,Intel,Rancher,IBM,Tonic","Docker,Huawei,Intel,Rancher,IBM,Tonic","Docker,Huawei,Intel,Rancher,IBM,Tonic","Docker,Huawei,Intel,Rancher,IBM,Tonic","Docker,Huawei,Intel,Rancher,IBM,Tonic","Docker,Huawei,Intel,Rancher,IBM,Tonic","Docker,Huawei,Intel,Rancher,IBM,Tonic","Docker,Huawei,Intel,Rancher,IBM,Tonic"
09/2016,9/1/2016,10/1/2016,Docker,"Docker,Google","Docker,Google","Docker,Google","Docker,Google","Docker,Google","Docker,Google","Docker,Google","Docker,Google","Docker,Google","Docker,Google","Docker,Google","Docker,Google","Docker,Google","Docker,Google"
10/2016,10/1/2016,11/1/2016,Docker,"Docker,DaoCloud","Docker,DaoCloud,Buildbot","Docker,DaoCloud,Buildbot,Oracle","Docker,DaoCloud,Buildbot,Oracle,Red Hat","Docker,DaoCloud,Buildbot,Oracle,Red Hat","Docker,DaoCloud,Buildbot,Oracle,Red Hat","Docker,DaoCloud,Buildbot,Oracle,Red Hat","Docker,DaoCloud,Buildbot,Oracle,Red Hat","Docker,DaoCloud,Buildbot,Oracle,Red Hat","Docker,DaoCloud,Buildbot,Oracle,Red Hat","Docker,DaoCloud,Buildbot,Oracle,Red Hat","Docker,DaoCloud,Buildbot,Oracle,Red Hat","Docker,DaoCloud,Buildbot,Oracle,Red Hat","Docker,DaoCloud,Buildbot,Oracle,Red Hat"
11/2016,11/1/2016,12/1/2016,Docker,"Docker,Huawei","Docker,Huawei,AD.CO","Docker,Huawei,AD.CO","Docker,Huawei,AD.CO","Docker,Huawei,AD.CO","Docker,Huawei,AD.CO","Docker,Huawei,AD.CO","Docker,Huawei,AD.CO","Docker,Huawei,AD.CO","Docker,Huawei,AD.CO","Docker,Huawei,AD.CO","Docker,Huawei,AD.CO","Docker,Huawei,AD.CO","Docker,Huawei,AD.CO"
12/2016,12/1/2016,1/1/2017,Docker,"Docker,Red Hat","Docker,Red Hat,IBM","Docker,Red Hat,IBM,Huawei","Docker,Red Hat,IBM,Huawei,Self","Docker,Red Hat,IBM,Huawei,Self,SUSE/Novell,Bobs Oil Field Service,Mirantis,Google,Rancher","Docker,Red Hat,IBM,Huawei,Self,SUSE/Novell,Bobs Oil Field Service,Mirantis,Google,Rancher,NTT,ZTE,AWS,Accenture","Docker,Red Hat,IBM,Huawei,Self,SUSE/Novell,Bobs Oil Field Service,Mirantis,Google,Rancher,NTT,ZTE,AWS,Accenture","Docker,Red Hat,IBM,Huawei,Self,SUSE/Novell,Bobs Oil Field Service,Mirantis,Google,Rancher,NTT,ZTE,AWS,Accenture","Docker,Red Hat,IBM,Huawei,Self,SUSE/Novell,Bobs Oil Field Service,Mirantis,Google,Rancher,NTT,ZTE,AWS,Accenture","Docker,Red Hat,IBM,Huawei,Self,SUSE/Novell,Bobs Oil Field Service,Mirantis,Google,Rancher,NTT,ZTE,AWS,Accenture","Docker,Red Hat,IBM,Huawei,Self,SUSE/Novell,Bobs Oil Field Service,Mirantis,Google,Rancher,NTT,ZTE,AWS,Accenture","Docker,Red Hat,IBM,Huawei,Self,SUSE/Novell,Bobs Oil Field Service,Mirantis,Google,Rancher,NTT,ZTE,AWS,Accenture","Docker,Red Hat,IBM,Huawei,Self,SUSE/Novell,Bobs Oil Field Service,Mirantis,Google,Rancher,NTT,ZTE,AWS,Accenture","Docker,Red Hat,IBM,Huawei,Self,SUSE/Novell,Bobs Oil Field Service,Mirantis,Google,Rancher,NTT,ZTE,AWS,Accenture"
01/2017,1/1/2017,2/1/2017,Docker,"Docker,NTT","Docker,NTT,Huawei","Docker,NTT,Huawei,IBM","Docker,NTT,Huawei,IBM,AWS","Docker,NTT,Huawei,IBM,AWS,Bobs Oil Field Service,Mirantis,Pivotal,Cloudflare,CurrencyFair.com","Docker,NTT,Huawei,IBM,AWS,Bobs Oil Field Service,Mirantis,Pivotal,Cloudflare,CurrencyFair.com,Fujitsu,HarmonyCloud,Microsoft","Docker,NTT,Huawei,IBM,AWS,Bobs Oil Field Service,Mirantis,Pivotal,Cloudflare,CurrencyFair.com,Fujitsu,HarmonyCloud,Microsoft","Docker,NTT,Huawei,IBM,AWS,Bobs Oil Field Service,Mirantis,Pivotal,Cloudflare,CurrencyFair.com,Fujitsu,HarmonyCloud,Microsoft","Docker,NTT,Huawei,IBM,AWS,Bobs Oil Field Service,Mirantis,Pivotal,Cloudflare,CurrencyFair.com,Fujitsu,HarmonyCloud,Microsoft","Docker,NTT,Huawei,IBM,AWS,Bobs Oil Field Service,Mirantis,Pivotal,Cloudflare,CurrencyFair.com,Fujitsu,HarmonyCloud,Microsoft","Docker,NTT,Huawei,IBM,AWS,Bobs Oil Field Service,Mirantis,Pivotal,Cloudflare,CurrencyFair.com,Fujitsu,HarmonyCloud,Microsoft","Docker,NTT,Huawei,IBM,AWS,Bobs Oil Field Service,Mirantis,Pivotal,Cloudflare,CurrencyFair.com,Fujitsu,HarmonyCloud,Microsoft","Docker,NTT,Huawei,IBM,AWS,Bobs Oil Field Service,Mirantis,Pivotal,Cloudflare,CurrencyFair.com,Fujitsu,HarmonyCloud,Microsoft","Docker,NTT,Huawei,IBM,AWS,Bobs Oil Field Service,Mirantis,Pivotal,Cloudflare,CurrencyFair.com,Fujitsu,HarmonyCloud,Microsoft"
02/2017,2/1/2017,3/1/2017,Docker,"Docker,IBM","Docker,IBM,NTT","Docker,IBM,NTT,Huawei","Docker,IBM,NTT,Huawei,HarmonyCloud","Docker,IBM,NTT,Huawei,HarmonyCloud,Cloudflare,AWS,Rancher,DaoCloud,Google","Docker,IBM,NTT,Huawei,HarmonyCloud,Cloudflare,AWS,Rancher,DaoCloud,Google,Intel","Docker,IBM,NTT,Huawei,HarmonyCloud,Cloudflare,AWS,Rancher,DaoCloud,Google,Intel","Docker,IBM,NTT,Huawei,HarmonyCloud,Cloudflare,AWS,Rancher,DaoCloud,Google,Intel","Docker,IBM,NTT,Huawei,HarmonyCloud,Cloudflare,AWS,Rancher,DaoCloud,Google,Intel","Docker,IBM,NTT,Huawei,HarmonyCloud,Cloudflare,AWS,Rancher,DaoCloud,Google,Intel","Docker,IBM,NTT,Huawei,HarmonyCloud,Cloudflare,AWS,Rancher,DaoCloud,Google,Intel","Docker,IBM,NTT,Huawei,HarmonyCloud,Cloudflare,AWS,Rancher,DaoCloud,Google,Intel","Docker,IBM,NTT,Huawei,HarmonyCloud,Cloudflare,AWS,Rancher,DaoCloud,Google,Intel","Docker,IBM,NTT,Huawei,HarmonyCloud,Cloudflare,AWS,Rancher,DaoCloud,Google,Intel"
03/2017,3/1/2017,4/1/2017,Docker,"Docker,IBM","Docker,IBM,NTT","Docker,IBM,NTT,Huawei","Docker,IBM,NTT,Huawei,Google","Docker,IBM,NTT,Huawei,Google,Red Hat,AWS,ZTE,CNCF,Cloudflare","Docker,IBM,NTT,Huawei,Google,Red Hat,AWS,ZTE,CNCF,Cloudflare,Liz Rice,CurrencyFair.com,HarmonyCloud,Rancher","Docker,IBM,NTT,Huawei,Google,Red Hat,AWS,ZTE,CNCF,Cloudflare,Liz Rice,CurrencyFair.com,HarmonyCloud,Rancher","Docker,IBM,NTT,Huawei,Google,Red Hat,AWS,ZTE,CNCF,Cloudflare,Liz Rice,CurrencyFair.com,HarmonyCloud,Rancher","Docker,IBM,NTT,Huawei,Google,Red Hat,AWS,ZTE,CNCF,Cloudflare,Liz Rice,CurrencyFair.com,HarmonyCloud,Rancher","Docker,IBM,NTT,Huawei,Google,Red Hat,AWS,ZTE,CNCF,Cloudflare,Liz Rice,CurrencyFair.com,HarmonyCloud,Rancher","Docker,IBM,NTT,Huawei,Google,Red Hat,AWS,ZTE,CNCF,Cloudflare,Liz Rice,CurrencyFair.com,HarmonyCloud,Rancher","Docker,IBM,NTT,Huawei,Google,Red Hat,AWS,ZTE,CNCF,Cloudflare,Liz Rice,CurrencyFair.com,HarmonyCloud,Rancher","Docker,IBM,NTT,Huawei,Google,Red Hat,AWS,ZTE,CNCF,Cloudflare,Liz Rice,CurrencyFair.com,HarmonyCloud,Rancher","Docker,IBM,NTT,Huawei,Google,Red Hat,AWS,ZTE,CNCF,Cloudflare,Liz Rice,CurrencyFair.com,HarmonyCloud,Rancher"
04/2017,4/1/2017,5/1/2017,Docker,"Docker,IBM","Docker,IBM,Huawei","Docker,IBM,Huawei,NTT","Docker,IBM,Huawei,NTT,Red Hat","Docker,IBM,Huawei,NTT,Red Hat,ZTE,Google,CNCF,Microsoft,Caelum","Docker,IBM,Huawei,NTT,Red Hat,ZTE,Google,CNCF,Microsoft,Caelum,Tonic,Alter Way,LunchBadger,Kinvolk,Intel","Docker,IBM,Huawei,NTT,Red Hat,ZTE,Google,CNCF,Microsoft,Caelum,Tonic,Alter Way,LunchBadger,Kinvolk,Intel,darkowlzz,CurrencyFair.com,China Cloud","Docker,IBM,Huawei,NTT,Red Hat,ZTE,Google,CNCF,Microsoft,Caelum,Tonic,Alter Way,LunchBadger,Kinvolk,Intel,darkowlzz,CurrencyFair.com,China Cloud","Docker,IBM,Huawei,NTT,Red Hat,ZTE,Google,CNCF,Microsoft,Caelum,Tonic,Alter Way,LunchBadger,Kinvolk,Intel,darkowlzz,CurrencyFair.com,China Cloud","Docker,IBM,Huawei,NTT,Red Hat,ZTE,Google,CNCF,Microsoft,Caelum,Tonic,Alter Way,LunchBadger,Kinvolk,Intel,darkowlzz,CurrencyFair.com,China Cloud","Docker,IBM,Huawei,NTT,Red Hat,ZTE,Google,CNCF,Microsoft,Caelum,Tonic,Alter Way,LunchBadger,Kinvolk,Intel,darkowlzz,CurrencyFair.com,China Cloud","Docker,IBM,Huawei,NTT,Red Hat,ZTE,Google,CNCF,Microsoft,Caelum,Tonic,Alter Way,LunchBadger,Kinvolk,Intel,darkowlzz,CurrencyFair.com,China Cloud","Docker,IBM,Huawei,NTT,Red Hat,ZTE,Google,CNCF,Microsoft,Caelum,Tonic,Alter Way,LunchBadger,Kinvolk,Intel,darkowlzz,CurrencyFair.com,China Cloud","Docker,IBM,Huawei,NTT,Red Hat,ZTE,Google,CNCF,Microsoft,Caelum,Tonic,Alter Way,LunchBadger,Kinvolk,Intel,darkowlzz,CurrencyFair.com,China Cloud"
05/2017,5/1/2017,6/1/2017,Docker,"Docker,IBM","Docker,IBM,NTT","Docker,IBM,NTT,Cloudflare","Docker,IBM,NTT,Cloudflare,Huawei","Docker,IBM,NTT,Cloudflare,Huawei,Google,CNCF,Red Hat,ZTE,Microsoft","Docker,IBM,NTT,Cloudflare,Huawei,Google,CNCF,Red Hat,ZTE,Microsoft,Alibaba,Windmill Engineering,AWS,China Cloud","Docker,IBM,NTT,Cloudflare,Huawei,Google,CNCF,Red Hat,ZTE,Microsoft,Alibaba,Windmill Engineering,AWS,China Cloud","Docker,IBM,NTT,Cloudflare,Huawei,Google,CNCF,Red Hat,ZTE,Microsoft,Alibaba,Windmill Engineering,AWS,China Cloud","Docker,IBM,NTT,Cloudflare,Huawei,Google,CNCF,Red Hat,ZTE,Microsoft,Alibaba,Windmill Engineering,AWS,China Cloud","Docker,IBM,NTT,Cloudflare,Huawei,Google,CNCF,Red Hat,ZTE,Microsoft,Alibaba,Windmill Engineering,AWS,China Cloud","Docker,IBM,NTT,Cloudflare,Huawei,Google,CNCF,Red Hat,ZTE,Microsoft,Alibaba,Windmill Engineering,AWS,China Cloud","Docker,IBM,NTT,Cloudflare,Huawei,Google,CNCF,Red Hat,ZTE,Microsoft,Alibaba,Windmill Engineering,AWS,China Cloud","Docker,IBM,NTT,Cloudflare,Huawei,Google,CNCF,Red Hat,ZTE,Microsoft,Alibaba,Windmill Engineering,AWS,China Cloud","Docker,IBM,NTT,Cloudflare,Huawei,Google,CNCF,Red Hat,ZTE,Microsoft,Alibaba,Windmill Engineering,AWS,China Cloud"
06/2017,6/1/2017,7/1/2017,Docker,"Docker,IBM","Docker,IBM,NTT","Docker,IBM,NTT,Huawei","Docker,IBM,NTT,Huawei,Google","Docker,IBM,NTT,Huawei,Google,AWS,Red Hat,Cloudflare,CNCF,ZTE","Docker,IBM,NTT,Huawei,Google,AWS,Red Hat,Cloudflare,CNCF,ZTE,Intel","Docker,IBM,NTT,Huawei,Google,AWS,Red Hat,Cloudflare,CNCF,ZTE,Intel","Docker,IBM,NTT,Huawei,Google,AWS,Red Hat,Cloudflare,CNCF,ZTE,Intel","Docker,IBM,NTT,Huawei,Google,AWS,Red Hat,Cloudflare,CNCF,ZTE,Intel","Docker,IBM,NTT,Huawei,Google,AWS,Red Hat,Cloudflare,CNCF,ZTE,Intel","Docker,IBM,NTT,Huawei,Google,AWS,Red Hat,Cloudflare,CNCF,ZTE,Intel","Docker,IBM,NTT,Huawei,Google,AWS,Red Hat,Cloudflare,CNCF,ZTE,Intel","Docker,IBM,NTT,Huawei,Google,AWS,Red Hat,Cloudflare,CNCF,ZTE,Intel","Docker,IBM,NTT,Huawei,Google,AWS,Red Hat,Cloudflare,CNCF,ZTE,Intel"
07/2017,7/1/2017,8/1/2017,Docker,"Docker,IBM","Docker,IBM,NTT","Docker,IBM,NTT,Huawei","Docker,IBM,NTT,Huawei,Cloudflare","Docker,IBM,NTT,Huawei,Cloudflare,darkowlzz,Microsoft,Oracle,HarmonyCloud,Google","Docker,IBM,NTT,Huawei,Cloudflare,darkowlzz,Microsoft,Oracle,HarmonyCloud,Google,viralkitty,Intel,AWS,CNCF","Docker,IBM,NTT,Huawei,Cloudflare,darkowlzz,Microsoft,Oracle,HarmonyCloud,Google,viralkitty,Intel,AWS,CNCF","Docker,IBM,NTT,Huawei,Cloudflare,darkowlzz,Microsoft,Oracle,HarmonyCloud,Google,viralkitty,Intel,AWS,CNCF","Docker,IBM,NTT,Huawei,Cloudflare,darkowlzz,Microsoft,Oracle,HarmonyCloud,Google,viralkitty,Intel,AWS,CNCF","Docker,IBM,NTT,Huawei,Cloudflare,darkowlzz,Microsoft,Oracle,HarmonyCloud,Google,viralkitty,Intel,AWS,CNCF","Docker,IBM,NTT,Huawei,Cloudflare,darkowlzz,Microsoft,Oracle,HarmonyCloud,Google,viralkitty,Intel,AWS,CNCF","Docker,IBM,NTT,Huawei,Cloudflare,darkowlzz,Microsoft,Oracle,HarmonyCloud,Google,viralkitty,Intel,AWS,CNCF","Docker,IBM,NTT,Huawei,Cloudflare,darkowlzz,Microsoft,Oracle,HarmonyCloud,Google,viralkitty,Intel,AWS,CNCF","Docker,IBM,NTT,Huawei,Cloudflare,darkowlzz,Microsoft,Oracle,HarmonyCloud,Google,viralkitty,Intel,AWS,CNCF"
08/2017,8/1/2017,9/1/2017,Docker,"Docker,IBM","Docker,IBM,Google","Docker,IBM,Google,NTT","Docker,IBM,Google,NTT,Microsoft","Docker,IBM,Google,NTT,Microsoft,Huawei,Cloudflare,ZTE,Adaptly,Oracle","Docker,IBM,Google,NTT,Microsoft,Huawei,Cloudflare,ZTE,Adaptly,Oracle,AnchorFree,ARM","Docker,IBM,Google,NTT,Microsoft,Huawei,Cloudflare,ZTE,Adaptly,Oracle,AnchorFree,ARM","Docker,IBM,Google,NTT,Microsoft,Huawei,Cloudflare,ZTE,Adaptly,Oracle,AnchorFree,ARM","Docker,IBM,Google,NTT,Microsoft,Huawei,Cloudflare,ZTE,Adaptly,Oracle,AnchorFree,ARM","Docker,IBM,Google,NTT,Microsoft,Huawei,Cloudflare,ZTE,Adaptly,Oracle,AnchorFree,ARM","Docker,IBM,Google,NTT,Microsoft,Huawei,Cloudflare,ZTE,Adaptly,Oracle,AnchorFree,ARM","Docker,IBM,Google,NTT,Microsoft,Huawei,Cloudflare,ZTE,Adaptly,Oracle,AnchorFree,ARM","Docker,IBM,Google,NTT,Microsoft,Huawei,Cloudflare,ZTE,Adaptly,Oracle,AnchorFree,ARM","Docker,IBM,Google,NTT,Microsoft,Huawei,Cloudflare,ZTE,Adaptly,Oracle,AnchorFree,ARM"
09/2017,9/1/2017,10/1/2017,Docker,"Docker,IBM","Docker,IBM,NTT","Docker,IBM,NTT,Google","Docker,IBM,NTT,Google,DaoCloud","Docker,IBM,NTT,Google,DaoCloud,ARM,Cloudflare,ZTE,Huawei,Letv Cloud Computing","Docker,IBM,NTT,Google,DaoCloud,ARM,Cloudflare,ZTE,Huawei,Letv Cloud Computing,Red Hat,Buildbot,CNCF","Docker,IBM,NTT,Google,DaoCloud,ARM,Cloudflare,ZTE,Huawei,Letv Cloud Computing,Red Hat,Buildbot,CNCF","Docker,IBM,NTT,Google,DaoCloud,ARM,Cloudflare,ZTE,Huawei,Letv Cloud Computing,Red Hat,Buildbot,CNCF","Docker,IBM,NTT,Google,DaoCloud,ARM,Cloudflare,ZTE,Huawei,Letv Cloud Computing,Red Hat,Buildbot,CNCF","Docker,IBM,NTT,Google,DaoCloud,ARM,Cloudflare,ZTE,Huawei,Letv Cloud Computing,Red Hat,Buildbot,CNCF","Docker,IBM,NTT,Google,DaoCloud,ARM,Cloudflare,ZTE,Huawei,Letv Cloud Computing,Red Hat,Buildbot,CNCF","Docker,IBM,NTT,Google,DaoCloud,ARM,Cloudflare,ZTE,Huawei,Letv Cloud Computing,Red Hat,Buildbot,CNCF","Docker,IBM,NTT,Google,DaoCloud,ARM,Cloudflare,ZTE,Huawei,Letv Cloud Computing,Red Hat,Buildbot,CNCF","Docker,IBM,NTT,Google,DaoCloud,ARM,Cloudflare,ZTE,Huawei,Letv Cloud Computing,Red Hat,Buildbot,CNCF"
10/2017,10/1/2017,11/1/2017,Docker,"Docker,IBM","Docker,IBM,Tesla","Docker,IBM,Tesla,NTT","Docker,IBM,Tesla,NTT,Google","Docker,IBM,Tesla,NTT,Google,Huawei,Microsoft,Cisco,ZTE,Cloudflare","Docker,IBM,Tesla,NTT,Google,Huawei,Microsoft,Cisco,ZTE,Cloudflare,Alter Way,SUSE/Novell,CNCF,Red Hat","Docker,IBM,Tesla,NTT,Google,Huawei,Microsoft,Cisco,ZTE,Cloudflare,Alter Way,SUSE/Novell,CNCF,Red Hat","Docker,IBM,Tesla,NTT,Google,Huawei,Microsoft,Cisco,ZTE,Cloudflare,Alter Way,SUSE/Novell,CNCF,Red Hat","Docker,IBM,Tesla,NTT,Google,Huawei,Microsoft,Cisco,ZTE,Cloudflare,Alter Way,SUSE/Novell,CNCF,Red Hat","Docker,IBM,Tesla,NTT,Google,Huawei,Microsoft,Cisco,ZTE,Cloudflare,Alter Way,SUSE/Novell,CNCF,Red Hat","Docker,IBM,Tesla,NTT,Google,Huawei,Microsoft,Cisco,ZTE,Cloudflare,Alter Way,SUSE/Novell,CNCF,Red Hat","Docker,IBM,Tesla,NTT,Google,Huawei,Microsoft,Cisco,ZTE,Cloudflare,Alter Way,SUSE/Novell,CNCF,Red Hat","Docker,IBM,Tesla,NTT,Google,Huawei,Microsoft,Cisco,ZTE,Cloudflare,Alter Way,SUSE/Novell,CNCF,Red Hat","Docker,IBM,Tesla,NTT,Google,Huawei,Microsoft,Cisco,ZTE,Cloudflare,Alter Way,SUSE/Novell,CNCF,Red Hat"
11/2017,11/1/2017,12/1/2017,Docker,"Docker,IBM","Docker,IBM,NTT","Docker,IBM,NTT,Tesla","Docker,IBM,NTT,Tesla,Google","Docker,IBM,NTT,Tesla,Google,ZTE,Cloudflare,Letv Cloud Computing,Microsoft,InfluxData","Docker,IBM,NTT,Tesla,Google,ZTE,Cloudflare,Letv Cloud Computing,Microsoft,InfluxData,Virtuozzo,DPI Animation House","Docker,IBM,NTT,Tesla,Google,ZTE,Cloudflare,Letv Cloud Computing,Microsoft,InfluxData,Virtuozzo,DPI Animation House","Docker,IBM,NTT,Tesla,Google,ZTE,Cloudflare,Letv Cloud Computing,Microsoft,InfluxData,Virtuozzo,DPI Animation House","Docker,IBM,NTT,Tesla,Google,ZTE,Cloudflare,Letv Cloud Computing,Microsoft,InfluxData,Virtuozzo,DPI Animation House","Docker,IBM,NTT,Tesla,Google,ZTE,Cloudflare,Letv Cloud Computing,Microsoft,InfluxData,Virtuozzo,DPI Animation House","Docker,IBM,NTT,Tesla,Google,ZTE,Cloudflare,Letv Cloud Computing,Microsoft,InfluxData,Virtuozzo,DPI Animation House","Docker,IBM,NTT,Tesla,Google,ZTE,Cloudflare,Letv Cloud Computing,Microsoft,InfluxData,Virtuozzo,DPI Animation House","Docker,IBM,NTT,Tesla,Google,ZTE,Cloudflare,Letv Cloud Computing,Microsoft,InfluxData,Virtuozzo,DPI Animation House","Docker,IBM,NTT,Tesla,Google,ZTE,Cloudflare,Letv Cloud Computing,Microsoft,InfluxData,Virtuozzo,DPI Animation House"
12/2017,12/1/2017,1/1/2018,Docker,"Docker,IBM","Docker,IBM,NTT","Docker,IBM,NTT,Tesla","Docker,IBM,NTT,Tesla,Google","Docker,IBM,NTT,Tesla,Google,Fundación Sadosky,ZTE,Microsoft,DPI Animation House,Virtuozzo","Docker,IBM,NTT,Tesla,Google,Fundación Sadosky,ZTE,Microsoft,DPI Animation House,Virtuozzo,DaoCloud,Letv Cloud Computing","Docker,IBM,NTT,Tesla,Google,Fundación Sadosky,ZTE,Microsoft,DPI Animation House,Virtuozzo,DaoCloud,Letv Cloud Computing","Docker,IBM,NTT,Tesla,Google,Fundación Sadosky,ZTE,Microsoft,DPI Animation House,Virtuozzo,DaoCloud,Letv Cloud Computing","Docker,IBM,NTT,Tesla,Google,Fundación Sadosky,ZTE,Microsoft,DPI Animation House,Virtuozzo,DaoCloud,Letv Cloud Computing","Docker,IBM,NTT,Tesla,Google,Fundación Sadosky,ZTE,Microsoft,DPI Animation House,Virtuozzo,DaoCloud,Letv Cloud Computing","Docker,IBM,NTT,Tesla,Google,Fundación Sadosky,ZTE,Microsoft,DPI Animation House,Virtuozzo,DaoCloud,Letv Cloud Computing","Docker,IBM,NTT,Tesla,Google,Fundación Sadosky,ZTE,Microsoft,DPI Animation House,Virtuozzo,DaoCloud,Letv Cloud Computing","Docker,IBM,NTT,Tesla,Google,Fundación Sadosky,ZTE,Microsoft,DPI Animation House,Virtuozzo,DaoCloud,Letv Cloud Computing","Docker,IBM,NTT,Tesla,Google,Fundación Sadosky,ZTE,Microsoft,DPI Animation House,Virtuozzo,DaoCloud,Letv Cloud Computing"
01/2018,1/1/2018,2/1/2018,Docker,"Docker,Google","Docker,Google,IBM","Docker,Google,IBM,Tesla","Docker,Google,IBM,Tesla,NTT","Docker,Google,IBM,Tesla,NTT,ZTE,Microsoft,CNCF,Intel,Cloudflare","Docker,Google,IBM,Tesla,NTT,ZTE,Microsoft,CNCF,Intel,Cloudflare,Hyper.sh,Sleekcode,Huawei,Fundación Sadosky,DPI Animation House","Docker,Google,IBM,Tesla,NTT,ZTE,Microsoft,CNCF,Intel,Cloudflare,Hyper.sh,Sleekcode,Huawei,Fundación Sadosky,DPI Animation House,DaoCloud,ARM","Docker,Google,IBM,Tesla,NTT,ZTE,Microsoft,CNCF,Intel,Cloudflare,Hyper.sh,Sleekcode,Huawei,Fundación Sadosky,DPI Animation House,DaoCloud,ARM","Docker,Google,IBM,Tesla,NTT,ZTE,Microsoft,CNCF,Intel,Cloudflare,Hyper.sh,Sleekcode,Huawei,Fundación Sadosky,DPI Animation House,DaoCloud,ARM","Docker,Google,IBM,Tesla,NTT,ZTE,Microsoft,CNCF,Intel,Cloudflare,Hyper.sh,Sleekcode,Huawei,Fundación Sadosky,DPI Animation House,DaoCloud,ARM","Docker,Google,IBM,Tesla,NTT,ZTE,Microsoft,CNCF,Intel,Cloudflare,Hyper.sh,Sleekcode,Huawei,Fundación Sadosky,DPI Animation House,DaoCloud,ARM","Docker,Google,IBM,Tesla,NTT,ZTE,Microsoft,CNCF,Intel,Cloudflare,Hyper.sh,Sleekcode,Huawei,Fundación Sadosky,DPI Animation House,DaoCloud,ARM","Docker,Google,IBM,Tesla,NTT,ZTE,Microsoft,CNCF,Intel,Cloudflare,Hyper.sh,Sleekcode,Huawei,Fundación Sadosky,DPI Animation House,DaoCloud,ARM","Docker,Google,IBM,Tesla,NTT,ZTE,Microsoft,CNCF,Intel,Cloudflare,Hyper.sh,Sleekcode,Huawei,Fundación Sadosky,DPI Animation House,DaoCloud,ARM"
02/2018,2/1/2018,3/1/2018,Docker,"Docker,Google","Docker,Google,IBM","Docker,Google,IBM,NTT","Docker,Google,IBM,NTT,Tesla","Docker,Google,IBM,NTT,Tesla,Pivotal,Microsoft,Intel,ZTE,CNCF","Docker,Google,IBM,NTT,Tesla,Pivotal,Microsoft,Intel,ZTE,CNCF","Docker,Google,IBM,NTT,Tesla,Pivotal,Microsoft,Intel,ZTE,CNCF","Docker,Google,IBM,NTT,Tesla,Pivotal,Microsoft,Intel,ZTE,CNCF","Docker,Google,IBM,NTT,Tesla,Pivotal,Microsoft,Intel,ZTE,CNCF","Docker,Google,IBM,NTT,Tesla,Pivotal,Microsoft,Intel,ZTE,CNCF","Docker,Google,IBM,NTT,Tesla,Pivotal,Microsoft,Intel,ZTE,CNCF","Docker,Google,IBM,NTT,Tesla,Pivotal,Microsoft,Intel,ZTE,CNCF","Docker,Google,IBM,NTT,Tesla,Pivotal,Microsoft,Intel,ZTE,CNCF","Docker,Google,IBM,NTT,Tesla,Pivotal,Microsoft,Intel,ZTE,CNCF"
03/2018,3/1/2018,4/1/2018,Google,"Google,Docker","Google,Docker,IBM","Google,Docker,IBM,NTT","Google,Docker,IBM,NTT,Tesla","Google,Docker,IBM,NTT,Tesla,Cloudflare,ZTE,Intel,AWS,Sleekcode","Google,Docker,IBM,NTT,Tesla,Cloudflare,ZTE,Intel,AWS,Sleekcode,DaoCloud","Google,Docker,IBM,NTT,Tesla,Cloudflare,ZTE,Intel,AWS,Sleekcode,DaoCloud","Google,Docker,IBM,NTT,Tesla,Cloudflare,ZTE,Intel,AWS,Sleekcode,DaoCloud","Google,Docker,IBM,NTT,Tesla,Cloudflare,ZTE,Intel,AWS,Sleekcode,DaoCloud","Google,Docker,IBM,NTT,Tesla,Cloudflare,ZTE,Intel,AWS,Sleekcode,DaoCloud","Google,Docker,IBM,NTT,Tesla,Cloudflare,ZTE,Intel,AWS,Sleekcode,DaoCloud","Google,Docker,IBM,NTT,Tesla,Cloudflare,ZTE,Intel,AWS,Sleekcode,DaoCloud","Google,Docker,IBM,NTT,Tesla,Cloudflare,ZTE,Intel,AWS,Sleekcode,DaoCloud","Google,Docker,IBM,NTT,Tesla,Cloudflare,ZTE,Intel,AWS,Sleekcode,DaoCloud"
04/2018,4/1/2018,5/1/2018,Google,"Google,Docker","Google,Docker,IBM","Google,Docker,IBM,NTT","Google,Docker,IBM,NTT,Rancher","Google,Docker,IBM,NTT,Rancher,Tesla,Microsoft,Hyper.sh","Google,Docker,IBM,NTT,Rancher,Tesla,Microsoft,Hyper.sh","Google,Docker,IBM,NTT,Rancher,Tesla,Microsoft,Hyper.sh","Google,Docker,IBM,NTT,Rancher,Tesla,Microsoft,Hyper.sh","Google,Docker,IBM,NTT,Rancher,Tesla,Microsoft,Hyper.sh","Google,Docker,IBM,NTT,Rancher,Tesla,Microsoft,Hyper.sh","Google,Docker,IBM,NTT,Rancher,Tesla,Microsoft,Hyper.sh","Google,Docker,IBM,NTT,Rancher,Tesla,Microsoft,Hyper.sh","Google,Docker,IBM,NTT,Rancher,Tesla,Microsoft,Hyper.sh","Google,Docker,IBM,NTT,Rancher,Tesla,Microsoft,Hyper.sh"
Quarter from 10/2015,10/1/2015,1/1/2016,Docker,"Docker,Red Hat","Docker,Red Hat,Uber","Docker,Red Hat,Uber,DPI Animation House","Docker,Red Hat,Uber,DPI Animation House,Ben Hall","Docker,Red Hat,Uber,DPI Animation House,Ben Hall,NTT,Microsoft,CNCF","Docker,Red Hat,Uber,DPI Animation House,Ben Hall,NTT,Microsoft,CNCF","Docker,Red Hat,Uber,DPI Animation House,Ben Hall,NTT,Microsoft,CNCF","Docker,Red Hat,Uber,DPI Animation House,Ben Hall,NTT,Microsoft,CNCF","Docker,Red Hat,Uber,DPI Animation House,Ben Hall,NTT,Microsoft,CNCF","Docker,Red Hat,Uber,DPI Animation House,Ben Hall,NTT,Microsoft,CNCF","Docker,Red Hat,Uber,DPI Animation House,Ben Hall,NTT,Microsoft,CNCF","Docker,Red Hat,Uber,DPI Animation House,Ben Hall,NTT,Microsoft,CNCF","Docker,Red Hat,Uber,DPI Animation House,Ben Hall,NTT,Microsoft,CNCF","Docker,Red Hat,Uber,DPI Animation House,Ben Hall,NTT,Microsoft,CNCF"
Quarter from 01/2016,1/1/2016,4/1/2016,Docker,"Docker,Google","Docker,Google,Huawei","Docker,Google,Huawei,Microsoft","Docker,Google,Huawei,Microsoft,SUSE/Novell","Docker,Google,Huawei,Microsoft,SUSE/Novell,Netlify,Altiscale,IBM,Tencent,Debian","Docker,Google,Huawei,Microsoft,SUSE/Novell,Netlify,Altiscale,IBM,Tencent,Debian","Docker,Google,Huawei,Microsoft,SUSE/Novell,Netlify,Altiscale,IBM,Tencent,Debian","Docker,Google,Huawei,Microsoft,SUSE/Novell,Netlify,Altiscale,IBM,Tencent,Debian","Docker,Google,Huawei,Microsoft,SUSE/Novell,Netlify,Altiscale,IBM,Tencent,Debian","Docker,Google,Huawei,Microsoft,SUSE/Novell,Netlify,Altiscale,IBM,Tencent,Debian","Docker,Google,Huawei,Microsoft,SUSE/Novell,Netlify,Altiscale,IBM,Tencent,Debian","Docker,Google,Huawei,Microsoft,SUSE/Novell,Netlify,Altiscale,IBM,Tencent,Debian","Docker,Google,Huawei,Microsoft,SUSE/Novell,Netlify,Altiscale,IBM,Tencent,Debian","Docker,Google,Huawei,Microsoft,SUSE/Novell,Netlify,Altiscale,IBM,Tencent,Debian"
Quarter from 04/2016,4/1/2016,7/1/2016,Docker,"Docker,Huawei","Docker,Huawei,Tonic","Docker,Huawei,Tonic,Net EASE","Docker,Huawei,Tonic,Net EASE,Rancher","Docker,Huawei,Tonic,Net EASE,Rancher,Oracle,IBM,Intel,FACEIT,China Mobile","Docker,Huawei,Tonic,Net EASE,Rancher,Oracle,IBM,Intel,FACEIT,China Mobile,Virtuozzo,SUSE/Novell,Hyper.sh,DPI Animation House,Red Hat","Docker,Huawei,Tonic,Net EASE,Rancher,Oracle,IBM,Intel,FACEIT,China Mobile,Virtuozzo,SUSE/Novell,Hyper.sh,DPI Animation House,Red Hat,Google","Docker,Huawei,Tonic,Net EASE,Rancher,Oracle,IBM,Intel,FACEIT,China Mobile,Virtuozzo,SUSE/Novell,Hyper.sh,DPI Animation House,Red Hat,Google","Docker,Huawei,Tonic,Net EASE,Rancher,Oracle,IBM,Intel,FACEIT,China Mobile,Virtuozzo,SUSE/Novell,Hyper.sh,DPI Animation House,Red Hat,Google","Docker,Huawei,Tonic,Net EASE,Rancher,Oracle,IBM,Intel,FACEIT,China Mobile,Virtuozzo,SUSE/Novell,Hyper.sh,DPI Animation House,Red Hat,Google","Docker,Huawei,Tonic,Net EASE,Rancher,Oracle,IBM,Intel,FACEIT,China Mobile,Virtuozzo,SUSE/Novell,Hyper.sh,DPI Animation House,Red Hat,Google","Docker,Huawei,Tonic,Net EASE,Rancher,Oracle,IBM,Intel,FACEIT,China Mobile,Virtuozzo,SUSE/Novell,Hyper.sh,DPI Animation House,Red Hat,Google","Docker,Huawei,Tonic,Net EASE,Rancher,Oracle,IBM,Intel,FACEIT,China Mobile,Virtuozzo,SUSE/Novell,Hyper.sh,DPI Animation House,Red Hat,Google","Docker,Huawei,Tonic,Net EASE,Rancher,Oracle,IBM,Intel,FACEIT,China Mobile,Virtuozzo,SUSE/Novell,Hyper.sh,DPI Animation House,Red Hat,Google"
Quarter from 07/2016,7/1/2016,10/1/2016,Docker,"Docker,Huawei","Docker,Huawei,Rancher","Docker,Huawei,Rancher,Tonic","Docker,Huawei,Rancher,Tonic,Red Hat","Docker,Huawei,Rancher,Tonic,Red Hat,Intel,IBM,Net EASE,Google","Docker,Huawei,Rancher,Tonic,Red Hat,Intel,IBM,Net EASE,Google","Docker,Huawei,Rancher,Tonic,Red Hat,Intel,IBM,Net EASE,Google","Docker,Huawei,Rancher,Tonic,Red Hat,Intel,IBM,Net EASE,Google","Docker,Huawei,Rancher,Tonic,Red Hat,Intel,IBM,Net EASE,Google","Docker,Huawei,Rancher,Tonic,Red Hat,Intel,IBM,Net EASE,Google","Docker,Huawei,Rancher,Tonic,Red Hat,Intel,IBM,Net EASE,Google","Docker,Huawei,Rancher,Tonic,Red Hat,Intel,IBM,Net EASE,Google","Docker,Huawei,Rancher,Tonic,Red Hat,Intel,IBM,Net EASE,Google","Docker,Huawei,Rancher,Tonic,Red Hat,Intel,IBM,Net EASE,Google"
Quarter from 10/2016,10/1/2016,1/1/2017,Docker,"Docker,Red Hat","Docker,Red Hat,Huawei","Docker,Red Hat,Huawei,IBM","Docker,Red Hat,Huawei,IBM,DaoCloud","Docker,Red Hat,Huawei,IBM,DaoCloud,Self,SUSE/Novell,Mirantis,Bobs Oil Field Service,ZTE","Docker,Red Hat,Huawei,IBM,DaoCloud,Self,SUSE/Novell,Mirantis,Bobs Oil Field Service,ZTE,Buildbot,Google,NTT,Oracle,Rancher","Docker,Red Hat,Huawei,IBM,DaoCloud,Self,SUSE/Novell,Mirantis,Bobs Oil Field Service,ZTE,Buildbot,Google,NTT,Oracle,Rancher,Accenture,AD.CO,AWS","Docker,Red Hat,Huawei,IBM,DaoCloud,Self,SUSE/Novell,Mirantis,Bobs Oil Field Service,ZTE,Buildbot,Google,NTT,Oracle,Rancher,Accenture,AD.CO,AWS","Docker,Red Hat,Huawei,IBM,DaoCloud,Self,SUSE/Novell,Mirantis,Bobs Oil Field Service,ZTE,Buildbot,Google,NTT,Oracle,Rancher,Accenture,AD.CO,AWS","Docker,Red Hat,Huawei,IBM,DaoCloud,Self,SUSE/Novell,Mirantis,Bobs Oil Field Service,ZTE,Buildbot,Google,NTT,Oracle,Rancher,Accenture,AD.CO,AWS","Docker,Red Hat,Huawei,IBM,DaoCloud,Self,SUSE/Novell,Mirantis,Bobs Oil Field Service,ZTE,Buildbot,Google,NTT,Oracle,Rancher,Accenture,AD.CO,AWS","Docker,Red Hat,Huawei,IBM,DaoCloud,Self,SUSE/Novell,Mirantis,Bobs Oil Field Service,ZTE,Buildbot,Google,NTT,Oracle,Rancher,Accenture,AD.CO,AWS","Docker,Red Hat,Huawei,IBM,DaoCloud,Self,SUSE/Novell,Mirantis,Bobs Oil Field Service,ZTE,Buildbot,Google,NTT,Oracle,Rancher,Accenture,AD.CO,AWS","Docker,Red Hat,Huawei,IBM,DaoCloud,Self,SUSE/Novell,Mirantis,Bobs Oil Field Service,ZTE,Buildbot,Google,NTT,Oracle,Rancher,Accenture,AD.CO,AWS"
Quarter from 01/2017,1/1/2017,4/1/2017,Docker,"Docker,NTT","Docker,NTT,IBM","Docker,NTT,IBM,Huawei","Docker,NTT,IBM,Huawei,HarmonyCloud","Docker,NTT,IBM,Huawei,HarmonyCloud,Cloudflare,AWS,Google,Red Hat,Rancher","Docker,NTT,IBM,Huawei,HarmonyCloud,Cloudflare,AWS,Google,Red Hat,Rancher,CNCF,ZTE,Bobs Oil Field Service,CurrencyFair.com,Microsoft","Docker,NTT,IBM,Huawei,HarmonyCloud,Cloudflare,AWS,Google,Red Hat,Rancher,CNCF,ZTE,Bobs Oil Field Service,CurrencyFair.com,Microsoft,Pivotal,DaoCloud,Fujitsu,Intel,Liz Rice","Docker,NTT,IBM,Huawei,HarmonyCloud,Cloudflare,AWS,Google,Red Hat,Rancher,CNCF,ZTE,Bobs Oil Field Service,CurrencyFair.com,Microsoft,Pivotal,DaoCloud,Fujitsu,Intel,Liz Rice,Mirantis","Docker,NTT,IBM,Huawei,HarmonyCloud,Cloudflare,AWS,Google,Red Hat,Rancher,CNCF,ZTE,Bobs Oil Field Service,CurrencyFair.com,Microsoft,Pivotal,DaoCloud,Fujitsu,Intel,Liz Rice,Mirantis","Docker,NTT,IBM,Huawei,HarmonyCloud,Cloudflare,AWS,Google,Red Hat,Rancher,CNCF,ZTE,Bobs Oil Field Service,CurrencyFair.com,Microsoft,Pivotal,DaoCloud,Fujitsu,Intel,Liz Rice,Mirantis","Docker,NTT,IBM,Huawei,HarmonyCloud,Cloudflare,AWS,Google,Red Hat,Rancher,CNCF,ZTE,Bobs Oil Field Service,CurrencyFair.com,Microsoft,Pivotal,DaoCloud,Fujitsu,Intel,Liz Rice,Mirantis","Docker,NTT,IBM,Huawei,HarmonyCloud,Cloudflare,AWS,Google,Red Hat,Rancher,CNCF,ZTE,Bobs Oil Field Service,CurrencyFair.com,Microsoft,Pivotal,DaoCloud,Fujitsu,Intel,Liz Rice,Mirantis","Docker,NTT,IBM,Huawei,HarmonyCloud,Cloudflare,AWS,Google,Red Hat,Rancher,CNCF,ZTE,Bobs Oil Field Service,CurrencyFair.com,Microsoft,Pivotal,DaoCloud,Fujitsu,Intel,Liz Rice,Mirantis","Docker,NTT,IBM,Huawei,HarmonyCloud,Cloudflare,AWS,Google,Red Hat,Rancher,CNCF,ZTE,Bobs Oil Field Service,CurrencyFair.com,Microsoft,Pivotal,DaoCloud,Fujitsu,Intel,Liz Rice,Mirantis"
Quarter from 04/2017,4/1/2017,7/1/2017,Docker,"Docker,IBM","Docker,IBM,Huawei","Docker,IBM,Huawei,NTT","Docker,IBM,Huawei,NTT,Cloudflare","Docker,IBM,Huawei,NTT,Cloudflare,Google,Red Hat,ZTE,CNCF,Microsoft","Docker,IBM,Huawei,NTT,Cloudflare,Google,Red Hat,ZTE,CNCF,Microsoft,AWS,Alibaba,Caelum,China Cloud,Intel","Docker,IBM,Huawei,NTT,Cloudflare,Google,Red Hat,ZTE,CNCF,Microsoft,AWS,Alibaba,Caelum,China Cloud,Intel,Tonic,darkowlzz,Alter Way,LunchBadger,Windmill Engineering","Docker,IBM,Huawei,NTT,Cloudflare,Google,Red Hat,ZTE,CNCF,Microsoft,AWS,Alibaba,Caelum,China Cloud,Intel,Tonic,darkowlzz,Alter Way,LunchBadger,Windmill Engineering,Kinvolk,CurrencyFair.com","Docker,IBM,Huawei,NTT,Cloudflare,Google,Red Hat,ZTE,CNCF,Microsoft,AWS,Alibaba,Caelum,China Cloud,Intel,Tonic,darkowlzz,Alter Way,LunchBadger,Windmill Engineering,Kinvolk,CurrencyFair.com","Docker,IBM,Huawei,NTT,Cloudflare,Google,Red Hat,ZTE,CNCF,Microsoft,AWS,Alibaba,Caelum,China Cloud,Intel,Tonic,darkowlzz,Alter Way,LunchBadger,Windmill Engineering,Kinvolk,CurrencyFair.com","Docker,IBM,Huawei,NTT,Cloudflare,Google,Red Hat,ZTE,CNCF,Microsoft,AWS,Alibaba,Caelum,China Cloud,Intel,Tonic,darkowlzz,Alter Way,LunchBadger,Windmill Engineering,Kinvolk,CurrencyFair.com","Docker,IBM,Huawei,NTT,Cloudflare,Google,Red Hat,ZTE,CNCF,Microsoft,AWS,Alibaba,Caelum,China Cloud,Intel,Tonic,darkowlzz,Alter Way,LunchBadger,Windmill Engineering,Kinvolk,CurrencyFair.com","Docker,IBM,Huawei,NTT,Cloudflare,Google,Red Hat,ZTE,CNCF,Microsoft,AWS,Alibaba,Caelum,China Cloud,Intel,Tonic,darkowlzz,Alter Way,LunchBadger,Windmill Engineering,Kinvolk,CurrencyFair.com","Docker,IBM,Huawei,NTT,Cloudflare,Google,Red Hat,ZTE,CNCF,Microsoft,AWS,Alibaba,Caelum,China Cloud,Intel,Tonic,darkowlzz,Alter Way,LunchBadger,Windmill Engineering,Kinvolk,CurrencyFair.com"
Quarter from 07/2017,7/1/2017,10/1/2017,Docker,"Docker,IBM","Docker,IBM,NTT","Docker,IBM,NTT,Google","Docker,IBM,NTT,Google,Huawei","Docker,IBM,NTT,Google,Huawei,Microsoft,Cloudflare,DaoCloud,Oracle,darkowlzz","Docker,IBM,NTT,Google,Huawei,Microsoft,Cloudflare,DaoCloud,Oracle,darkowlzz,ZTE,ARM,HarmonyCloud,CNCF,AnchorFree","Docker,IBM,NTT,Google,Huawei,Microsoft,Cloudflare,DaoCloud,Oracle,darkowlzz,ZTE,ARM,HarmonyCloud,CNCF,AnchorFree,Adaptly,AWS,Buildbot,Intel,Letv Cloud Computing","Docker,IBM,NTT,Google,Huawei,Microsoft,Cloudflare,DaoCloud,Oracle,darkowlzz,ZTE,ARM,HarmonyCloud,CNCF,AnchorFree,Adaptly,AWS,Buildbot,Intel,Letv Cloud Computing,Red Hat,viralkitty","Docker,IBM,NTT,Google,Huawei,Microsoft,Cloudflare,DaoCloud,Oracle,darkowlzz,ZTE,ARM,HarmonyCloud,CNCF,AnchorFree,Adaptly,AWS,Buildbot,Intel,Letv Cloud Computing,Red Hat,viralkitty","Docker,IBM,NTT,Google,Huawei,Microsoft,Cloudflare,DaoCloud,Oracle,darkowlzz,ZTE,ARM,HarmonyCloud,CNCF,AnchorFree,Adaptly,AWS,Buildbot,Intel,Letv Cloud Computing,Red Hat,viralkitty","Docker,IBM,NTT,Google,Huawei,Microsoft,Cloudflare,DaoCloud,Oracle,darkowlzz,ZTE,ARM,HarmonyCloud,CNCF,AnchorFree,Adaptly,AWS,Buildbot,Intel,Letv Cloud Computing,Red Hat,viralkitty","Docker,IBM,NTT,Google,Huawei,Microsoft,Cloudflare,DaoCloud,Oracle,darkowlzz,ZTE,ARM,HarmonyCloud,CNCF,AnchorFree,Adaptly,AWS,Buildbot,Intel,Letv Cloud Computing,Red Hat,viralkitty","Docker,IBM,NTT,Google,Huawei,Microsoft,Cloudflare,DaoCloud,Oracle,darkowlzz,ZTE,ARM,HarmonyCloud,CNCF,AnchorFree,Adaptly,AWS,Buildbot,Intel,Letv Cloud Computing,Red Hat,viralkitty","Docker,IBM,NTT,Google,Huawei,Microsoft,Cloudflare,DaoCloud,Oracle,darkowlzz,ZTE,ARM,HarmonyCloud,CNCF,AnchorFree,Adaptly,AWS,Buildbot,Intel,Letv Cloud Computing,Red Hat,viralkitty"
Quarter from 10/2017,10/1/2017,1/1/2018,Docker,"Docker,IBM","Docker,IBM,Tesla","Docker,IBM,Tesla,NTT","Docker,IBM,Tesla,NTT,Google","Docker,IBM,Tesla,NTT,Google,ZTE,Microsoft,Fundación Sadosky,Cloudflare,Virtuozzo","Docker,IBM,Tesla,NTT,Google,ZTE,Microsoft,Fundación Sadosky,Cloudflare,Virtuozzo,DPI Animation House,Letv Cloud Computing,Huawei,DaoCloud,InfluxData","Docker,IBM,Tesla,NTT,Google,ZTE,Microsoft,Fundación Sadosky,Cloudflare,Virtuozzo,DPI Animation House,Letv Cloud Computing,Huawei,DaoCloud,InfluxData,Cisco,Red Hat,SUSE/Novell,Alter Way,CNCF","Docker,IBM,Tesla,NTT,Google,ZTE,Microsoft,Fundación Sadosky,Cloudflare,Virtuozzo,DPI Animation House,Letv Cloud Computing,Huawei,DaoCloud,InfluxData,Cisco,Red Hat,SUSE/Novell,Alter Way,CNCF","Docker,IBM,Tesla,NTT,Google,ZTE,Microsoft,Fundación Sadosky,Cloudflare,Virtuozzo,DPI Animation House,Letv Cloud Computing,Huawei,DaoCloud,InfluxData,Cisco,Red Hat,SUSE/Novell,Alter Way,CNCF","Docker,IBM,Tesla,NTT,Google,ZTE,Microsoft,Fundación Sadosky,Cloudflare,Virtuozzo,DPI Animation House,Letv Cloud Computing,Huawei,DaoCloud,InfluxData,Cisco,Red Hat,SUSE/Novell,Alter Way,CNCF","Docker,IBM,Tesla,NTT,Google,ZTE,Microsoft,Fundación Sadosky,Cloudflare,Virtuozzo,DPI Animation House,Letv Cloud Computing,Huawei,DaoCloud,InfluxData,Cisco,Red Hat,SUSE/Novell,Alter Way,CNCF","Docker,IBM,Tesla,NTT,Google,ZTE,Microsoft,Fundación Sadosky,Cloudflare,Virtuozzo,DPI Animation House,Letv Cloud Computing,Huawei,DaoCloud,InfluxData,Cisco,Red Hat,SUSE/Novell,Alter Way,CNCF","Docker,IBM,Tesla,NTT,Google,ZTE,Microsoft,Fundación Sadosky,Cloudflare,Virtuozzo,DPI Animation House,Letv Cloud Computing,Huawei,DaoCloud,InfluxData,Cisco,Red Hat,SUSE/Novell,Alter Way,CNCF","Docker,IBM,Tesla,NTT,Google,ZTE,Microsoft,Fundación Sadosky,Cloudflare,Virtuozzo,DPI Animation House,Letv Cloud Computing,Huawei,DaoCloud,InfluxData,Cisco,Red Hat,SUSE/Novell,Alter Way,CNCF"
Quarter from 01/2018,1/1/2018,4/1/2018,Docker,"Docker,Google","Docker,Google,IBM","Docker,Google,IBM,NTT","Docker,Google,IBM,NTT,Tesla","Docker,Google,IBM,NTT,Tesla,ZTE,Cloudflare,Microsoft,CNCF,Intel","Docker,Google,IBM,NTT,Tesla,ZTE,Cloudflare,Microsoft,CNCF,Intel,Sleekcode,DaoCloud,DPI Animation House,Huawei,ARM","Docker,Google,IBM,NTT,Tesla,ZTE,Cloudflare,Microsoft,CNCF,Intel,Sleekcode,DaoCloud,DPI Animation House,Huawei,ARM,AWS,Pivotal,Fundación Sadosky,Hyper.sh","Docker,Google,IBM,NTT,Tesla,ZTE,Cloudflare,Microsoft,CNCF,Intel,Sleekcode,DaoCloud,DPI Animation House,Huawei,ARM,AWS,Pivotal,Fundación Sadosky,Hyper.sh","Docker,Google,IBM,NTT,Tesla,ZTE,Cloudflare,Microsoft,CNCF,Intel,Sleekcode,DaoCloud,DPI Animation House,Huawei,ARM,AWS,Pivotal,Fundación Sadosky,Hyper.sh","Docker,Google,IBM,NTT,Tesla,ZTE,Cloudflare,Microsoft,CNCF,Intel,Sleekcode,DaoCloud,DPI Animation House,Huawei,ARM,AWS,Pivotal,Fundación Sadosky,Hyper.sh","Docker,Google,IBM,NTT,Tesla,ZTE,Cloudflare,Microsoft,CNCF,Intel,Sleekcode,DaoCloud,DPI Animation House,Huawei,ARM,AWS,Pivotal,Fundación Sadosky,Hyper.sh","Docker,Google,IBM,NTT,Tesla,ZTE,Cloudflare,Microsoft,CNCF,Intel,Sleekcode,DaoCloud,DPI Animation House,Huawei,ARM,AWS,Pivotal,Fundación Sadosky,Hyper.sh","Docker,Google,IBM,NTT,Tesla,ZTE,Cloudflare,Microsoft,CNCF,Intel,Sleekcode,DaoCloud,DPI Animation House,Huawei,ARM,AWS,Pivotal,Fundación Sadosky,Hyper.sh","Docker,Google,IBM,NTT,Tesla,ZTE,Cloudflare,Microsoft,CNCF,Intel,Sleekcode,DaoCloud,DPI Animation House,Huawei,ARM,AWS,Pivotal,Fundación Sadosky,Hyper.sh"
